<?xml version="1.0" encoding="UTF-8"?>
<GenRun Id="synth_1" LaunchPart="xc7a35tcpg236-1" LaunchTime="1645723819">
  <File Type="PA-TCL" Name="design_1_wrapper.tcl"/>
  <File Type="REPORTS-TCL" Name="design_1_wrapper_reports.tcl"/>
  <File Type="RDS-RDS" Name="design_1_wrapper.vds"/>
  <File Type="RDS-UTIL" Name="design_1_wrapper_utilization_synth.rpt"/>
  <File Type="RDS-UTIL-PB" Name="design_1_wrapper_utilization_synth.pb"/>
  <File Type="RDS-DCP" Name="design_1_wrapper.dcp"/>
  <FileSet Name="sources" Type="DesignSrcs" RelSrcDir="$PSRCDIR/sources_1">
    <Filter Type="Srcs"/>
    <File Path="$PSRCDIR/sources_1/imports/Vivado_2021_1_TP_CmodA7_HM/BCD_7Segments.vhd">
      <FileInfo>
        <Attr Name="ImportPath" Val="$PPRDIR/../../../../../../../../../../Xilinx/TP_Vivado/TP_cmodA7_HM/Vivado_2021_1_TP_CmodA7_HM/BCD_7Segments.vhd"/>
        <Attr Name="ImportTime" Val="1481532858"/>
        <Attr Name="UsedIn" Val="synthesis"/>
        <Attr Name="UsedIn" Val="simulation"/>
      </FileInfo>
    </File>
    <File Path="$PSRCDIR/sources_1/imports/Vivado_2021_1_TP_CmodA7_HM/UART_CmodA7_FPGA.vhd">
      <FileInfo>
        <Attr Name="ImportPath" Val="$PPRDIR/../../../../../../../../../../Xilinx/TP_Vivado/TP_cmodA7_HM/Vivado_2021_1_TP_CmodA7_HM/UART_CmodA7_FPGA.vhd"/>
        <Attr Name="ImportTime" Val="1645717507"/>
        <Attr Name="UsedIn" Val="synthesis"/>
        <Attr Name="UsedIn" Val="simulation"/>
      </FileInfo>
    </File>
    <File Path="$PSRCDIR/sources_1/imports/Vivado_2021_1_TP_CmodA7_HM/table_de_decodage.vhd">
      <FileInfo>
        <Attr Name="ImportPath" Val="$PPRDIR/../../../../../../../../../../Xilinx/TP_Vivado/TP_cmodA7_HM/Vivado_2021_1_TP_CmodA7_HM/table_de_decodage.vhd"/>
        <Attr Name="ImportTime" Val="1645704969"/>
        <Attr Name="UsedIn" Val="synthesis"/>
        <Attr Name="UsedIn" Val="simulation"/>
      </FileInfo>
    </File>
    <File Path="$PSRCDIR/sources_1/imports/Vivado_2021_1_TP_CmodA7_HM/Divider_Clock.vhd">
      <FileInfo>
        <Attr Name="ImportPath" Val="$PPRDIR/../../../../../../../../../../Xilinx/TP_Vivado/TP_cmodA7_HM/Vivado_2021_1_TP_CmodA7_HM/Divider_Clock.vhd"/>
        <Attr Name="ImportTime" Val="1645717394"/>
        <Attr Name="UsedIn" Val="synthesis"/>
        <Attr Name="UsedIn" Val="simulation"/>
      </FileInfo>
    </File>
    <File Path="$PSRCDIR/sources_1/imports/Vivado_2021_1_TP_CmodA7_HM/multiplexeur.vhd">
      <FileInfo>
        <Attr Name="ImportPath" Val="$PPRDIR/../../../../../../../../../../Xilinx/TP_Vivado/TP_cmodA7_HM/Vivado_2021_1_TP_CmodA7_HM/multiplexeur.vhd"/>
        <Attr Name="ImportTime" Val="1545403162"/>
        <Attr Name="UsedIn" Val="synthesis"/>
        <Attr Name="UsedIn" Val="simulation"/>
      </FileInfo>
    </File>
    <File Path="$PSRCDIR/sources_1/imports/Vivado_2021_1_TP_CmodA7_HM/Compteur_Horloge_N.vhd">
      <FileInfo>
        <Attr Name="ImportPath" Val="$PPRDIR/../../../../../../../../../../Xilinx/TP_Vivado/TP_cmodA7_HM/Vivado_2021_1_TP_CmodA7_HM/Compteur_Horloge_N.vhd"/>
        <Attr Name="ImportTime" Val="1645719476"/>
        <Attr Name="UsedIn" Val="synthesis"/>
        <Attr Name="UsedIn" Val="simulation"/>
      </FileInfo>
    </File>
    <File Path="$PSRCDIR/sources_1/bd/design_1/design_1.bd">
      <FileInfo>
        <Attr Name="ImportPath" Val="$PPRDIR/../../../../../../../../../../Xilinx/TP_Vivado/TP_cmodA7_HM/Vivado_2021_1_TP_CmodA7_HM/Vivado_2021_1_TP_CmodA7_HM.srcs/sources_1/bd/design_1/design_1.bd"/>
        <Attr Name="ImportTime" Val="1645723279"/>
        <Attr Name="UsedIn" Val="synthesis"/>
        <Attr Name="UsedIn" Val="implementation"/>
        <Attr Name="UsedIn" Val="simulation"/>
      </FileInfo>
    </File>
    <File Path="$PSRCDIR/sources_1/bd/design_1/hdl/design_1_wrapper.vhd">
      <FileInfo>
        <Attr Name="ImportPath" Val="$PPRDIR/../../../../../../../../../../Xilinx/TP_Vivado/TP_cmodA7_HM/Vivado_2021_1_TP_CmodA7_HM/Vivado_2021_1_TP_CmodA7_HM.srcs/sources_1/bd/design_1/hdl/design_1_wrapper.vhd"/>
        <Attr Name="ImportTime" Val="1645723279"/>
        <Attr Name="UsedIn" Val="synthesis"/>
        <Attr Name="UsedIn" Val="simulation"/>
      </FileInfo>
    </File>
    <Config>
      <Option Name="DesignMode" Val="RTL"/>
      <Option Name="TopModule" Val="design_1_wrapper"/>
      <Option Name="TopAutoSet" Val="TRUE"/>
    </Config>
  </FileSet>
  <FileSet Name="constrs_in" Type="Constrs" RelSrcDir="$PSRCDIR/constrs_1">
    <Filter Type="Constrs"/>
    <File Path="$PSRCDIR/constrs_1/new/CmodA7.xdc">
      <FileInfo>
        <Attr Name="ImportPath" Val="$PPRDIR/../../../../../../../../../../Xilinx/TP_Vivado/TP_cmodA7_HM/Vivado_2021_1_TP_CmodA7_HM/Vivado_2021_1_TP_CmodA7_HM.srcs/constrs_1/new/CmodA7.xdc"/>
        <Attr Name="ImportTime" Val="1645723817"/>
        <Attr Name="UsedIn" Val="synthesis"/>
        <Attr Name="UsedIn" Val="implementation"/>
      </FileInfo>
    </File>
    <Config>
      <Option Name="TargetConstrsFile" Val="$PSRCDIR/constrs_1/new/CmodA7.xdc"/>
      <Option Name="ConstrsType" Val="XDC"/>
    </Config>
  </FileSet>
  <FileSet Name="utils" Type="Utils" RelSrcDir="$PSRCDIR/utils_1">
    <Filter Type="Utils"/>
    <Config>
      <Option Name="TopAutoSet" Val="TRUE"/>
    </Config>
  </FileSet>
  <Strategy Version="1" Minor="2">
    <StratHandle Name="Vivado Synthesis Defaults" Flow="Vivado Synthesis 2020"/>
    <Step Id="synth_design"/>
  </Strategy>
  <BlockFileSet Type="BlockSrcs" Name="design_1_util_vector_logic_0_0"/>
  <BlockFileSet Type="BlockSrcs" Name="design_1_UART_RX_0_0"/>
  <BlockFileSet Type="BlockSrcs" Name="design_1_decodage_0_0"/>
  <BlockFileSet Type="BlockSrcs" Name="design_1_c_counter_binary_0_0"/>
  <BlockFileSet Type="BlockSrcs" Name="design_1_BCD_7Segments_0_0"/>
  <BlockFileSet Type="BlockSrcs" Name="design_1_clk_wiz_0_0"/>
  <BlockFileSet Type="BlockSrcs" Name="design_1_multiplexeur_0_0"/>
  <BlockFileSet Type="BlockSrcs" Name="design_1_diviseur_horloge_num_0_0"/>
  <BlockFileSet Type="BlockSrcs" Name="design_1_Compteur_pour_HM_0_0"/>
</GenRun>
